Sex,Survived,mean_age
female,0,25.046875
female,1,29.406141975308643
male,0,31.129929203539824
male,1,27.276021505376345
